CREATE TABLE IF NOT EXISTS `status_payment_methods` (
`id` int(11) NOT NULL,
  `name` varchar(255) NOT NULL,
  `created` datetime NOT NULL,
  `modified` datetime NOT NULL
) ENGINE=InnoDB AUTO_INCREMENT=3 DEFAULT CHARSET=latin1;

INSERT INTO `status_payment_methods` (`id`, `name`, `created`, `modified`) VALUES
(1, 'Ativo', '2017-01-25 13:29:33', '2017-01-25 13:29:33'),
(2, 'Inativo', '2017-01-25 13:29:38', '2017-01-25 13:29:38');

CREATE TABLE IF NOT EXISTS `payment_methods` (
`id` int(11) NOT NULL,
  `name` varchar(255) NOT NULL,
  `status_payment_method_id` int(11) NOT NULL,
  `sequence` int(11) DEFAULT NULL,
  `created` datetime NOT NULL,
  `modified` datetime NOT NULL
) ENGINE=InnoDB AUTO_INCREMENT=5 DEFAULT CHARSET=latin1;

INSERT INTO `payment_methods` (`id`, `name`, `status_payment_method_id`, `sequence`, `created`, `modified`) VALUES
(1, 'Dinheiro', 1, 1, '2017-01-25 13:35:36', '2017-01-25 13:36:20'),
(2, 'Cartão de Débito', 1, 2, '2017-01-25 13:36:34', '2017-01-25 13:36:34'),
(3, 'Cartão de Crédito', 1, 3, '2017-01-25 13:36:45', '2017-01-25 13:36:45'),
(4, 'Cheque', 1, 4, '2017-01-25 13:37:34', '2017-01-25 13:37:34');

ALTER TABLE `payments` ADD `payment_method_id` INT NOT NULL DEFAULT '1' AFTER `bill_id`;

DELETE FROM aros;
INSERT INTO `aros` (`id`, `parent_id`, `model`, `foreign_key`, `alias`, `lft`, `rght`) VALUES
(1, NULL, 'Group', 1, NULL, 1, 2),
(2, NULL, 'Group', 2, NULL, 3, 4),
(3, NULL, 'Group', 3, NULL, 5, 6);

DELETE FROM aros_acos;
INSERT INTO `aros_acos` (`id`, `aro_id`, `aco_id`, `_create`, `_read`, `_update`, `_delete`) VALUES
(1, 1, 1, '1', '1', '1', '1'),
(2, 2, 1, '1', '1', '1', '1'),
(3, 3, 1, '1', '1', '1', '1'),
(4, 3, 126, '1', '1', '1', '1'),
(5, 2, 128, '1', '1', '1', '1'),
(6, 2, 129, '1', '1', '1', '1'),
(7, 2, 125, '1', '1', '1', '1'),
(8, 2, 126, '1', '1', '1', '1'),
(9, 2, 503, '1', '1', '1', '1'),
(10, 3, 128, '1', '1', '1', '1'),
(11, 3, 129, '1', '1', '1', '1'),
(12, 3, 125, '1', '1', '1', '1'),
(13, 3, 503, '1', '1', '1', '1'),
(14, 3, 508, '1', '1', '1', '1'),
(15, 3, 311, '1', '1', '1', '1'),
(16, 3, 519, '1', '1', '1', '1');

DELETE FROM acos;
INSERT INTO `acos` (`id`, `parent_id`, `model`, `foreign_key`, `alias`, `lft`, `rght`) VALUES
(1, NULL, NULL, NULL, 'controllers', 1, 438),
(2, 1, NULL, NULL, 'Bills', 2, 17),
(3, 2, NULL, NULL, 'index', 3, 4),
(4, 2, NULL, NULL, 'view', 5, 6),
(5, 2, NULL, NULL, 'add', 7, 8),
(6, 2, NULL, NULL, 'edit', 9, 10),
(7, 2, NULL, NULL, 'delete', 11, 12),
(8, 1, NULL, NULL, 'Categories', 18, 29),
(9, 8, NULL, NULL, 'index', 19, 20),
(10, 8, NULL, NULL, 'view', 21, 22),
(11, 8, NULL, NULL, 'add', 23, 24),
(12, 8, NULL, NULL, 'edit', 25, 26),
(13, 8, NULL, NULL, 'delete', 27, 28),
(14, 1, NULL, NULL, 'EntryNoteItems', 30, 41),
(15, 14, NULL, NULL, 'index', 31, 32),
(16, 14, NULL, NULL, 'view', 33, 34),
(17, 14, NULL, NULL, 'add', 35, 36),
(18, 14, NULL, NULL, 'edit', 37, 38),
(19, 14, NULL, NULL, 'delete', 39, 40),
(20, 1, NULL, NULL, 'EntryNotes', 42, 53),
(21, 20, NULL, NULL, 'index', 43, 44),
(22, 20, NULL, NULL, 'view', 45, 46),
(23, 20, NULL, NULL, 'add', 47, 48),
(24, 20, NULL, NULL, 'edit', 49, 50),
(25, 20, NULL, NULL, 'delete', 51, 52),
(26, 1, NULL, NULL, 'Groups', 54, 65),
(27, 26, NULL, NULL, 'index', 55, 56),
(28, 26, NULL, NULL, 'view', 57, 58),
(29, 26, NULL, NULL, 'add', 59, 60),
(30, 26, NULL, NULL, 'edit', 61, 62),
(31, 26, NULL, NULL, 'delete', 63, 64),
(32, 1, NULL, NULL, 'Items', 66, 77),
(33, 32, NULL, NULL, 'index', 67, 68),
(34, 32, NULL, NULL, 'view', 69, 70),
(35, 32, NULL, NULL, 'add', 71, 72),
(36, 32, NULL, NULL, 'edit', 73, 74),
(37, 32, NULL, NULL, 'delete', 75, 76),
(38, 1, NULL, NULL, 'LocationTypes', 78, 89),
(39, 38, NULL, NULL, 'index', 79, 80),
(40, 38, NULL, NULL, 'view', 81, 82),
(41, 38, NULL, NULL, 'add', 83, 84),
(42, 38, NULL, NULL, 'edit', 85, 86),
(43, 38, NULL, NULL, 'delete', 87, 88),
(44, 1, NULL, NULL, 'Locations', 90, 101),
(45, 44, NULL, NULL, 'index', 91, 92),
(46, 44, NULL, NULL, 'view', 93, 94),
(47, 44, NULL, NULL, 'add', 95, 96),
(48, 44, NULL, NULL, 'edit', 97, 98),
(49, 44, NULL, NULL, 'delete', 99, 100),
(50, 1, NULL, NULL, 'Orders', 102, 123),
(51, 50, NULL, NULL, 'index', 103, 104),
(52, 50, NULL, NULL, 'view', 105, 106),
(54, 50, NULL, NULL, 'edit', 107, 108),
(56, 1, NULL, NULL, 'Pages', 124, 129),
(58, 1, NULL, NULL, 'ProductItems', 130, 143),
(59, 58, NULL, NULL, 'index', 131, 132),
(60, 58, NULL, NULL, 'view', 133, 134),
(61, 58, NULL, NULL, 'add', 135, 136),
(62, 58, NULL, NULL, 'edit', 137, 138),
(63, 58, NULL, NULL, 'delete', 139, 140),
(64, 1, NULL, NULL, 'Products', 144, 157),
(65, 64, NULL, NULL, 'index', 145, 146),
(66, 64, NULL, NULL, 'view', 147, 148),
(67, 64, NULL, NULL, 'add', 149, 150),
(68, 64, NULL, NULL, 'edit', 151, 152),
(69, 64, NULL, NULL, 'delete', 153, 154),
(70, 1, NULL, NULL, 'Stages', 158, 169),
(71, 70, NULL, NULL, 'index', 159, 160),
(72, 70, NULL, NULL, 'view', 161, 162),
(73, 70, NULL, NULL, 'add', 163, 164),
(74, 70, NULL, NULL, 'edit', 165, 166),
(75, 70, NULL, NULL, 'delete', 167, 168),
(76, 1, NULL, NULL, 'StatusBills', 170, 181),
(77, 76, NULL, NULL, 'index', 171, 172),
(78, 76, NULL, NULL, 'view', 173, 174),
(79, 76, NULL, NULL, 'add', 175, 176),
(80, 76, NULL, NULL, 'edit', 177, 178),
(81, 76, NULL, NULL, 'delete', 179, 180),
(82, 1, NULL, NULL, 'StatusEntryNotes', 182, 193),
(83, 82, NULL, NULL, 'index', 183, 184),
(84, 82, NULL, NULL, 'view', 185, 186),
(85, 82, NULL, NULL, 'add', 187, 188),
(86, 82, NULL, NULL, 'edit', 189, 190),
(87, 82, NULL, NULL, 'delete', 191, 192),
(88, 1, NULL, NULL, 'StatusOrders', 194, 205),
(89, 88, NULL, NULL, 'index', 195, 196),
(90, 88, NULL, NULL, 'view', 197, 198),
(91, 88, NULL, NULL, 'add', 199, 200),
(92, 88, NULL, NULL, 'edit', 201, 202),
(93, 88, NULL, NULL, 'delete', 203, 204),
(94, 1, NULL, NULL, 'Stocks', 206, 235),
(95, 94, NULL, NULL, 'index', 207, 208),
(96, 94, NULL, NULL, 'view', 209, 210),
(99, 94, NULL, NULL, 'delete', 211, 212),
(100, 1, NULL, NULL, 'Subcategories', 236, 247),
(101, 100, NULL, NULL, 'index', 237, 238),
(102, 100, NULL, NULL, 'view', 239, 240),
(103, 100, NULL, NULL, 'add', 241, 242),
(104, 100, NULL, NULL, 'edit', 243, 244),
(105, 100, NULL, NULL, 'delete', 245, 246),
(106, 1, NULL, NULL, 'Suppliers', 248, 259),
(107, 106, NULL, NULL, 'index', 249, 250),
(108, 106, NULL, NULL, 'view', 251, 252),
(109, 106, NULL, NULL, 'add', 253, 254),
(110, 106, NULL, NULL, 'edit', 255, 256),
(111, 106, NULL, NULL, 'delete', 257, 258),
(112, 1, NULL, NULL, 'Tables', 260, 281),
(113, 112, NULL, NULL, 'index', 261, 262),
(114, 112, NULL, NULL, 'view', 263, 264),
(115, 112, NULL, NULL, 'add', 265, 266),
(116, 112, NULL, NULL, 'edit', 267, 268),
(117, 112, NULL, NULL, 'delete', 269, 270),
(118, 1, NULL, NULL, 'Units', 282, 293),
(119, 118, NULL, NULL, 'index', 283, 284),
(120, 118, NULL, NULL, 'view', 285, 286),
(121, 118, NULL, NULL, 'add', 287, 288),
(122, 118, NULL, NULL, 'edit', 289, 290),
(123, 118, NULL, NULL, 'delete', 291, 292),
(124, 1, NULL, NULL, 'Users', 294, 313),
(125, 124, NULL, NULL, 'login', 295, 296),
(126, 124, NULL, NULL, 'logout', 297, 298),
(127, 124, NULL, NULL, 'initDB', 299, 300),
(128, 124, NULL, NULL, 'index', 301, 302),
(129, 124, NULL, NULL, 'view', 303, 304),
(130, 124, NULL, NULL, 'add', 305, 306),
(131, 124, NULL, NULL, 'edit', 307, 308),
(132, 124, NULL, NULL, 'delete', 309, 310),
(133, 1, NULL, NULL, 'AclExtras', 314, 315),
(134, 1, NULL, NULL, 'DebugKit', 316, 323),
(135, 134, NULL, NULL, 'ToolbarAccess', 317, 322),
(136, 135, NULL, NULL, 'history_state', 318, 319),
(137, 135, NULL, NULL, 'sql_explain', 320, 321),
(310, 1, NULL, NULL, 'Configurations', 324, 327),
(311, 310, NULL, NULL, 'index', 325, 326),
(319, 1, NULL, NULL, 'InternalTransfers', 328, 339),
(320, 319, NULL, NULL, 'index', 329, 330),
(321, 319, NULL, NULL, 'view', 331, 332),
(322, 319, NULL, NULL, 'add', 333, 334),
(323, 319, NULL, NULL, 'edit', 335, 336),
(324, 319, NULL, NULL, 'delete', 337, 338),
(332, 1, NULL, NULL, 'StatusInternalTransfers', 340, 351),
(333, 332, NULL, NULL, 'index', 341, 342),
(334, 332, NULL, NULL, 'view', 343, 344),
(335, 332, NULL, NULL, 'add', 345, 346),
(336, 332, NULL, NULL, 'edit', 347, 348),
(337, 332, NULL, NULL, 'delete', 349, 350),
(345, 1, NULL, NULL, 'InternalTransferItems', 352, 363),
(346, 345, NULL, NULL, 'index', 353, 354),
(347, 345, NULL, NULL, 'view', 355, 356),
(348, 345, NULL, NULL, 'add', 357, 358),
(349, 345, NULL, NULL, 'edit', 359, 360),
(350, 345, NULL, NULL, 'delete', 361, 362),
(394, 1, NULL, NULL, 'Cashiers', 364, 375),
(395, 394, NULL, NULL, 'index', 365, 366),
(396, 394, NULL, NULL, 'view', 367, 368),
(397, 394, NULL, NULL, 'add', 369, 370),
(398, 394, NULL, NULL, 'edit', 371, 372),
(399, 394, NULL, NULL, 'delete', 373, 374),
(407, 94, NULL, NULL, 'stock_control', 213, 214),
(408, 94, NULL, NULL, 'getListLocation', 215, 216),
(409, 94, NULL, NULL, 'get_list_stock_by_location', 217, 218),
(425, 64, NULL, NULL, 'getUnit', 155, 156),
(482, 94, NULL, NULL, 'modal_edit', 219, 220),
(483, 1, NULL, NULL, 'ManualAdjustments', 376, 387),
(484, 483, NULL, NULL, 'index', 377, 378),
(485, 483, NULL, NULL, 'view', 379, 380),
(486, 483, NULL, NULL, 'add', 381, 382),
(487, 483, NULL, NULL, 'edit', 383, 384),
(488, 483, NULL, NULL, 'delete', 385, 386),
(497, 94, NULL, NULL, 'stock_details', 221, 222),
(498, 94, NULL, NULL, 'listStock', 223, 224),
(499, 94, NULL, NULL, 'listStockSuppliers', 225, 226),
(500, 94, NULL, NULL, 'listStockClients', 227, 228),
(501, 94, NULL, NULL, 'listStockLosses', 229, 230),
(502, 50, NULL, NULL, 'orders_board', 109, 110),
(503, 50, NULL, NULL, 'add_order', 111, 112),
(504, 112, NULL, NULL, 'tables_board', 271, 272),
(505, 50, NULL, NULL, 'kitchen_orders', 113, 114),
(506, 50, NULL, NULL, 'getOrdersByStage', 115, 116),
(507, 50, NULL, NULL, 'update_sequence', 117, 118),
(508, 56, NULL, NULL, 'home', 125, 126),
(509, 112, NULL, NULL, 'table_details', 273, 274),
(510, 1, NULL, NULL, 'Charts', 388, 393),
(511, 510, NULL, NULL, 'index', 389, 390),
(513, 94, NULL, NULL, 'drawLineChartGlobalInventory', 231, 232),
(514, 94, NULL, NULL, 'getStockQuantityByProduct', 233, 234),
(515, 50, NULL, NULL, 'order_wizard', 119, 120),
(518, 58, NULL, NULL, 'getProductItems', 141, 142),
(519, 50, NULL, NULL, 'cancel', 121, 122),
(520, 112, NULL, NULL, 'close_table', 275, 276),
(522, 112, NULL, NULL, 'getBills', 277, 278),
(524, 1, NULL, NULL, 'Payments', 394, 407),
(525, 524, NULL, NULL, 'index', 395, 396),
(526, 524, NULL, NULL, 'view', 397, 398),
(527, 524, NULL, NULL, 'add', 399, 400),
(528, 524, NULL, NULL, 'edit', 401, 402),
(529, 524, NULL, NULL, 'delete', 403, 404),
(530, 524, NULL, NULL, 'list_orders', 405, 406),
(531, 112, NULL, NULL, 'change_table', 279, 280),
(532, 56, NULL, NULL, 'documentation', 127, 128),
(533, 510, NULL, NULL, 'weekly_stock', 391, 392),
(535, 2, NULL, NULL, 'print_bill', 13, 14),
(537, 2, NULL, NULL, 'history', 15, 16),
(538, 1, NULL, NULL, 'Reports', 408, 413),
(539, 538, NULL, NULL, 'index', 409, 410),
(540, 124, NULL, NULL, 'loadPermissions', 311, 312),
(541, 538, NULL, NULL, 'sales_period', 411, 412),
(542, 1, NULL, NULL, 'PaymentMethods', 414, 425),
(543, 542, NULL, NULL, 'index', 415, 416),
(544, 542, NULL, NULL, 'view', 417, 418),
(545, 542, NULL, NULL, 'add', 419, 420),
(546, 542, NULL, NULL, 'edit', 421, 422),
(547, 542, NULL, NULL, 'delete', 423, 424),
(548, 1, NULL, NULL, 'StatusPaymentMethods', 426, 437),
(549, 548, NULL, NULL, 'index', 427, 428),
(550, 548, NULL, NULL, 'view', 429, 430),
(551, 548, NULL, NULL, 'add', 431, 432),
(552, 548, NULL, NULL, 'edit', 433, 434),
(553, 548, NULL, NULL, 'delete', 435, 436);